ID,Year,Country,Country area (km^2),Continent,Population ,GDP (USD)
1,2000,Argentina,2766890.0,South America,37070774,284203750000.0
2,2001,Argentina,2766890.0,South America,37480493,268696750000.0
3,2002,Argentina,2766890.0,South America,37885028,97724004251.86
4,2003,Argentina,2766890.0,South America,38278164,127586973492.18
5,2004,Argentina,2766890.0,South America,38668796,164657930452.79
6,2005,Argentina,2766890.0,South America,39070501,198737095012.28
7,2006,Argentina,2766890.0,South America,39476851,232557260817.31
8,2007,Argentina,2766890.0,South America,39876111,287530508430.57
9,2008,Argentina,2766890.0,South America,40273769,361558037110.42
10,2009,Argentina,2766890.0,South America,40684338,332976484577.62
11,2010,Argentina,2766890.0,South America,40788453,423627422092.49
12,2011,Argentina,2766890.0,South America,41261490,530158176673.79
13,2012,Argentina,2766890.0,South America,41733271,545982375701.13
14,2013,Argentina,2766890.0,South America,42202935,552025140252.25
15,2014,Argentina,2766890.0,South America,42669500,526319673731.64
16,2015,Argentina,2766890.0,South America,43131966,594749285413.21
17,2016,Argentina,2766890.0,South America,43590368,557532317363.45
18,2017,Argentina,2766890.0,South America,44044811,643628396190.39
19,2018,Argentina,2766890.0,South America,44494502,524819898586.91
20,2019,Argentina,2766890.0,South America,44938712,447754686715.08
21,2020,Argentina,2766890.0,South America,45376763,385540406815.6
22,2021,Argentina,2766890.0,South America,45808747,487227125385.64
23,2022,Argentina,2766890.0,South America,46234830,632770284408.51
24,2000,Bolivia,1098580.0,South America,8592656,8397855937.47
25,2001,Bolivia,1098580.0,South America,8746084,8141517339.15
26,2002,Bolivia,1098580.0,South America,8900583,7905485146.44
27,2003,Bolivia,1098580.0,South America,9057378,8082399991.3
28,2004,Bolivia,1098580.0,South America,9216279,8773451751.51
29,2005,Bolivia,1098580.0,South America,9377388,9549122313.4
30,2006,Bolivia,1098580.0,South America,9542663,11451845378.69
31,2007,Bolivia,1098580.0,South America,9711152,13120107738.89
32,2008,Bolivia,1098580.0,South America,9880593,16674276979.47
33,2009,Bolivia,1098580.0,South America,10051317,17339992193.73
34,2010,Bolivia,1098580.0,South America,10223270,19649724655.58
35,2011,Bolivia,1098580.0,South America,10396246,23963162969.38
36,2012,Bolivia,1098580.0,South America,10569697,27084497481.91
37,2013,Bolivia,1098580.0,South America,10743349,30659338885.67
38,2014,Bolivia,1098580.0,South America,10916987,32996188017.37
39,2015,Bolivia,1098580.0,South America,11090085,33000198248.91
40,2016,Bolivia,1098580.0,South America,11263015,33941126193.92
41,2017,Bolivia,1098580.0,South America,11435533,37508642170.77
42,2018,Bolivia,1098580.0,South America,11606905,40287647930.54
43,2019,Bolivia,1098580.0,South America,11777315,40895322850.94
44,2020,Bolivia,1098580.0,South America,11936162,36629843806.08
45,2021,Bolivia,1098580.0,South America,12079472,40408208523.88
46,2022,Bolivia,1098580.0,South America,12224110,43068885672.94
47,2000,Brazil,8514877.0,South America,175873720,655448188246.11
48,2001,Brazil,8514877.0,South America,178211881,559983704075.66
49,2002,Brazil,8514877.0,South America,180476685,509795270707.27
50,2003,Brazil,8514877.0,South America,182629278,558233724160.74
51,2004,Brazil,8514877.0,South America,184722043,669289321953.68
52,2005,Brazil,8514877.0,South America,186797334,891633826582.61
53,2006,Brazil,8514877.0,South America,188820682,1107626711436.44
54,2007,Brazil,8514877.0,South America,190779453,1397114247287.58
55,2008,Brazil,8514877.0,South America,192672317,1695855391816.48
56,2009,Brazil,8514877.0,South America,194517549,1666996294324.76
57,2010,Brazil,8514877.0,South America,196353492,2208838108593.19
58,2011,Brazil,8514877.0,South America,198185302,2616156606734.51
59,2012,Brazil,8514877.0,South America,199977707,2465228293862.62
60,2013,Brazil,8514877.0,South America,201721767,2472819362259.0
61,2014,Brazil,8514877.0,South America,203459650,2456043766063.5
62,2015,Brazil,8514877.0,South America,205188205,1802211999555.59
63,2016,Brazil,8514877.0,South America,206859578,1795693265824.27
64,2017,Brazil,8514877.0,South America,208504960,2063514688761.67
65,2018,Brazil,8514877.0,South America,210166592,1916933708404.16
66,2019,Brazil,8514877.0,South America,211782878,1873288159000.64
67,2020,Brazil,8514877.0,South America,213196304,1476107292036.59
68,2021,Brazil,8514877.0,South America,214326223,1649622972159.35
69,2022,Brazil,8514877.0,South America,215313498,1920095560995.06
70,2000,Venezuela,912050.0,South America,24427729,117146466003.24
71,2001,Venezuela,912050.0,South America,24880203,122911036746.16
72,2002,Venezuela,912050.0,South America,25330929,92893587733.65
73,2003,Venezuela,912050.0,South America,25782029,83620628582.11
74,2004,Venezuela,912050.0,South America,26226927,112451400422.98
75,2005,Venezuela,912050.0,South America,26668785,145513489651.87
76,2006,Venezuela,912050.0,South America,27102081,183477522123.89
77,2007,Venezuela,912050.0,South America,27525097,230364012575.69
78,2008,Venezuela,912050.0,South America,27933833,315953388510.68
79,2009,Venezuela,912050.0,South America,28327892,329787628928.47
80,2010,Venezuela,912050.0,South America,28715022,393192354510.65
81,2011,Venezuela,912050.0,South America,29096159,316482190800.36
82,2012,Venezuela,912050.0,South America,29470426,381286237847.67
83,2013,Venezuela,912050.0,South America,29838021,371005379786.57
84,2014,Venezuela,912050.0,South America,30193258,482359318767.7
85,2015,Venezuela,912050.0,South America,30529716,
86,2016,Venezuela,912050.0,South America,30741464,
87,2017,Venezuela,912050.0,South America,30563433,
88,2018,Venezuela,912050.0,South America,29825653,
89,2019,Venezuela,912050.0,South America,28971683,
90,2020,Venezuela,912050.0,South America,28490453,
91,2021,Venezuela,912050.0,South America,28199867,
92,2022,Venezuela,912050.0,South America,28301696,
93,2000,Guyana,214970.0,South America,759051,712667896.73
94,2001,Guyana,214970.0,South America,759809,712167448.9
95,2002,Guyana,214970.0,South America,760323,726131434.72
96,2003,Guyana,214970.0,South America,760562,743063949.04
97,2004,Guyana,214970.0,South America,760424,787814379.18
98,2005,Guyana,214970.0,South America,759709,824880550.34
99,2006,Guyana,214970.0,South America,758367,2379817986.73
100,2007,Guyana,214970.0,South America,756521,2730971599.89
101,2008,Guyana,214970.0,South America,754150,3025187428.38
102,2009,Guyana,214970.0,South America,751258,3165663152.73
103,2010,Guyana,214970.0,South America,747932,3432912511.3
104,2011,Guyana,214970.0,South America,744230,3691384317.52
105,2012,Guyana,214970.0,South America,743966,4063088529.14
106,2013,Guyana,214970.0,South America,747420,4167800935.6
107,2014,Guyana,214970.0,South America,751115,4127660158.47
108,2015,Guyana,214970.0,South America,755031,4279840193.7
109,2016,Guyana,214970.0,South America,759087,4482697336.56
110,2017,Guyana,214970.0,South America,763252,4748174334.14
111,2018,Guyana,214970.0,South America,785514,4787637005.54
112,2019,Guyana,214970.0,South America,798753,5173760191.85
113,2020,Guyana,214970.0,South America,797202,5471256594.72
114,2021,Guyana,214970.0,South America,804567,8044498800.96
115,2022,Guyana,214970.0,South America,808726,15357537068.34
116,2000,Colombia,1138910.0,South America,39215135,99875074935.08
117,2001,Colombia,1138910.0,South America,39837875,98200641189.16
118,2002,Colombia,1138910.0,South America,40454050,97945812789.85
119,2003,Colombia,1138910.0,South America,41057687,94644969146.14
120,2004,Colombia,1138910.0,South America,41648268,117092416651.4
121,2005,Colombia,1138910.0,South America,42220940,145600527535.77
122,2006,Colombia,1138910.0,South America,42772910,161792959247.85
123,2007,Colombia,1138910.0,South America,43306582,206229536757.67
124,2008,Colombia,1138910.0,South America,43815313,242504150472.93
125,2009,Colombia,1138910.0,South America,44313917,232468666665.15
126,2010,Colombia,1138910.0,South America,44816108,286498534094.96
127,2011,Colombia,1138910.0,South America,45308899,334966134865.31
128,2012,Colombia,1138910.0,South America,45782417,370691143086.76
129,2013,Colombia,1138910.0,South America,46237930,382093697077.68
130,2014,Colombia,1138910.0,South America,46677947,381240864422.41
131,2015,Colombia,1138910.0,South America,47119728,293492370228.85
132,2016,Colombia,1138910.0,South America,47625955,282720100286.23
133,2017,Colombia,1138910.0,South America,48351671,311866875135.58
134,2018,Colombia,1138910.0,South America,49276961,334198218100.72
135,2019,Colombia,1138910.0,South America,50187406,323031701210.77
136,2020,Colombia,1138910.0,South America,50930662,270150956772.57
137,2021,Colombia,1138910.0,South America,51516562,318511813576.97
138,2022,Colombia,1138910.0,South America,51874024,343939445259.49
139,2000,Paraguay,406750.0,South America,5123819,8855705139.56
140,2001,Paraguay,406750.0,South America,5211541,8495806432.18
141,2002,Paraguay,406750.0,South America,5286512,7196260656.85
142,2003,Paraguay,406750.0,South America,5353254,7691367471.18
143,2004,Paraguay,406750.0,South America,5416324,9624440836.29
144,2005,Paraguay,406750.0,South America,5476878,10737500188.11
145,2006,Paraguay,406750.0,South America,5534675,13429430050.26
146,2007,Paraguay,406750.0,South America,5590145,17856393235.43
147,2008,Paraguay,406750.0,South America,5645148,24615267617.03
148,2009,Paraguay,406750.0,South America,5702574,22355151177.74
149,2010,Paraguay,406750.0,South America,5768613,27129301048.05
150,2011,Paraguay,406750.0,South America,5843939,33737033607.06
151,2012,Paraguay,406750.0,South America,5923322,33296438408.86
152,2013,Paraguay,406750.0,South America,6005652,38651334593.03
153,2014,Paraguay,406750.0,South America,6090721,40377987314.64
154,2015,Paraguay,406750.0,South America,6177950,36211372646.38
155,2016,Paraguay,406750.0,South America,6266615,36089550671.83
156,2017,Paraguay,406750.0,South America,6355404,38997129809.17
157,2018,Paraguay,406750.0,South America,6443328,40225448651.31
158,2019,Paraguay,406750.0,South America,6530026,37925338460.16
159,2020,Paraguay,406750.0,South America,6618695,35432177936.33
160,2021,Paraguay,406750.0,South America,6703799,39950899733.23
161,2022,Paraguay,406750.0,South America,6780744,41722295362.07
162,2000,Peru,1285220.0,South America,26654439,51744749133.21
163,2001,Peru,1285220.0,South America,27014909,52030158775.41
164,2002,Peru,1285220.0,South America,27334503,54777553515.08
165,2003,Peru,1285220.0,South America,27623341,58731030121.87
166,2004,Peru,1285220.0,South America,27893911,66768703497.57
167,2005,Peru,1285220.0,South America,28147267,76060606060.61
168,2006,Peru,1285220.0,South America,28381078,88643193061.75
169,2007,Peru,1285220.0,South America,28600387,102170981144.14
170,2008,Peru,1285220.0,South America,28806185,120550599815.44
171,2009,Peru,1285220.0,South America,29009326,120822986521.48
172,2010,Peru,1285220.0,South America,29229572,147527631520.73
173,2011,Peru,1285220.0,South America,29477721,171761737046.59
174,2012,Peru,1285220.0,South America,29749589,192649991136.09
175,2013,Peru,1285220.0,South America,30038809,201175541637.44
176,2014,Peru,1285220.0,South America,30353951,200786240836.82
177,2015,Peru,1285220.0,South America,30711863,189802961890.1
178,2016,Peru,1285220.0,South America,31132779,191898127860.84
179,2017,Peru,1285220.0,South America,31605486,211007952315.89
180,2018,Peru,1285220.0,South America,32203944,222597030191.04
181,2019,Peru,1285220.0,South America,32824861,228325852220.76
182,2020,Peru,1285220.0,South America,33304756,201947603715.41
183,2021,Peru,1285220.0,South America,33715471,223717791482.58
184,2022,Peru,1285220.0,South America,34049588,242631549613.27
185,2000,Suriname,163270.0,South America,478998,947671969.7
186,2001,Suriname,163270.0,South America,487394,834279357.8
187,2002,Suriname,163270.0,South America,495666,1093574468.09
188,2003,Suriname,163270.0,South America,503780,1274190311.42
189,2004,Suriname,163270.0,South America,510572,1484092538.41
190,2005,Suriname,163270.0,South America,516220,1793410617.01
191,2006,Suriname,163270.0,South America,522023,2626380435.18
192,2007,Suriname,163270.0,South America,527946,2936612021.86
193,2008,Suriname,163270.0,South America,533938,3532969034.61
194,2009,Suriname,163270.0,South America,539987,3875409836.07
195,2010,Suriname,163270.0,South America,546080,4368371528.3
196,2011,Suriname,163270.0,South America,552146,4422276621.79
197,2012,Suriname,163270.0,South America,558111,4980000000.0
198,2013,Suriname,163270.0,South America,563947,5145757575.76
199,2014,Suriname,163270.0,South America,569682,5240606060.61
200,2015,Suriname,163270.0,South America,575475,5126238146.34
201,2016,Suriname,163270.0,South America,581453,3317421499.77
202,2017,Suriname,163270.0,South America,587559,3591679371.04
203,2018,Suriname,163270.0,South America,593715,3996198760.32
204,2019,Suriname,163270.0,South America,600301,4016040575.09
205,2020,Suriname,163270.0,South America,607065,2911807496.2
206,2021,Suriname,163270.0,South America,612985,2984706243.65
207,2022,Suriname,163270.0,South America,618040,3620655116.22
208,2000,Uruguay,176220.0,South America,3292224,22823271520.87
209,2001,Uruguay,176220.0,South America,3300939,20898762265.27
210,2002,Uruguay,176220.0,South America,3306441,13606515935.95
211,2003,Uruguay,176220.0,South America,3310202,12045638209.51
212,2004,Uruguay,176220.0,South America,3313801,13686329890.12
213,2005,Uruguay,176220.0,South America,3317665,17362857683.85
214,2006,Uruguay,176220.0,South America,3322282,19741420466.54
215,2007,Uruguay,176220.0,South America,3328651,23797773024.4
216,2008,Uruguay,176220.0,South America,3336126,31119603033.99
217,2009,Uruguay,176220.0,South America,3344156,32708318594.41
218,2010,Uruguay,176220.0,South America,3352651,41950361211.96
219,2011,Uruguay,176220.0,South America,3361637,50342405198.25
220,2012,Uruguay,176220.0,South America,3371133,54232266358.78
221,2013,Uruguay,176220.0,South America,3381180,61337620935.53
222,2014,Uruguay,176220.0,South America,3391662,61496186973.9
223,2015,Uruguay,176220.0,South America,3402818,57680328702.24
224,2016,Uruguay,176220.0,South America,3413766,57480788380.31
225,2017,Uruguay,176220.0,South America,3422200,65006047680.32
226,2018,Uruguay,176220.0,South America,3427042,65203071110.6
227,2019,Uruguay,176220.0,South America,3428409,62048585618.5
228,2020,Uruguay,176220.0,South America,3429086,53666908479.56
229,2021,Uruguay,176220.0,South America,3426260,61412268248.95
230,2022,Uruguay,176220.0,South America,3422794,71177146197.5
231,2000,Guiana (France),91000.0,South America,160004,
232,2001,Guiana (France),91000.0,South America,166833,
233,2002,Guiana (France),91000.0,South America,174529,
234,2003,Guiana (France),91000.0,South America,182822,
235,2004,Guiana (France),91000.0,South America,191188,
236,2005,Guiana (France),91000.0,South America,199171,
237,2006,Guiana (France),91000.0,South America,206460,
238,2007,Guiana (France),91000.0,South America,213062,
239,2008,Guiana (France),91000.0,South America,219105,
240,2009,Guiana (France),91000.0,South America,224792,
241,2010,Guiana (France),91000.0,South America,230291,
242,2011,Guiana (France),91000.0,South America,235712,
243,2012,Guiana (France),91000.0,South America,241039,
244,2013,Guiana (France),91000.0,South America,246380,
245,2014,Guiana (France),91000.0,South America,251938,
246,2015,Guiana (France),91000.0,South America,257920,
247,2016,Guiana (France),91000.0,South America,264435,
248,2017,Guiana (France),91000.0,South America,271537,
249,2018,Guiana (France),91000.0,South America,279094,
250,2019,Guiana (France),91000.0,South America,286912,
251,2020,Guiana (France),91000.0,South America,294774,
252,2021,Guiana (France),91000.0,South America,302945,
253,2022,Guiana (France),91000.0,South America,311343,
254,2000,Chile,756950.0,South America,15351799,78249883995.63
255,2001,Chile,756950.0,South America,15523978,71517267767.74
256,2002,Chile,756950.0,South America,15693790,70295232513.05
257,2003,Chile,756950.0,South America,15859112,76507853875.66
258,2004,Chile,756950.0,South America,16017966,99079365628.33
259,2005,Chile,756950.0,South America,16175311,122314960843.92
260,2006,Chile,756950.0,South America,16334575,153840051814.06
261,2007,Chile,756950.0,South America,16495538,172565861848.9
262,2008,Chile,756950.0,South America,16661462,179663390874.65
263,2009,Chile,756950.0,South America,16833447,171412643623.96
264,2010,Chile,756950.0,South America,17004162,217105434199.5
265,2011,Chile,756950.0,South America,17173573,251224856981.29
266,2012,Chile,756950.0,South America,17341771,267175870677.66
267,2013,Chile,756950.0,South America,17509925,277239473853.81
268,2014,Chile,756950.0,South America,17687108,259405194672.94
269,2015,Chile,756950.0,South America,17870124,242496655711.52
270,2016,Chile,756950.0,South America,18083879,249298706449.18
271,2017,Chile,756950.0,South America,18368577,276364936832.33
272,2018,Chile,756950.0,South America,18701450,295402646018.15
273,2019,Chile,756950.0,South America,19039485,278493308134.1
274,2020,Chile,756950.0,South America,19300315,254096103516.32
275,2021,Chile,756950.0,South America,19493184,316713577508.67
276,2022,Chile,756950.0,South America,19603733,301025249437.95
277,2000,Ecuador,283560.0,South America,12626507,18327764882.44
278,2001,Ecuador,283560.0,South America,12845521,24468324000.0
279,2002,Ecuador,283560.0,South America,13070609,28548945000.0
280,2003,Ecuador,283560.0,South America,13301184,32432858000.0
281,2004,Ecuador,283560.0,South America,13534593,36591661000.0
282,2005,Ecuador,283560.0,South America,13770012,41507085000.0
283,2006,Ecuador,283560.0,South America,14009061,46802044000.0
284,2007,Ecuador,283560.0,South America,14251835,51007777000.0
285,2008,Ecuador,283560.0,South America,14496797,61762635000.0
286,2009,Ecuador,283560.0,South America,14742766,62519686000.0
287,2010,Ecuador,283560.0,South America,14989585,69555367000.0
288,2011,Ecuador,283560.0,South America,15237728,79276664000.0
289,2012,Ecuador,283560.0,South America,15483883,87924544000.0
290,2013,Ecuador,283560.0,South America,15722989,95129659000.0
291,2014,Ecuador,283560.0,South America,15957994,101726331000.0
292,2015,Ecuador,283560.0,South America,16195902,99290381000.0
293,2016,Ecuador,283560.0,South America,16439585,99937696000.0
294,2017,Ecuador,283560.0,South America,16696944,104295862000.0
295,2018,Ecuador,283560.0,South America,17015672,107562008000.0
296,2019,Ecuador,283560.0,South America,17343740,108108009000.0
297,2020,Ecuador,283560.0,South America,17588595,99291124000.0
298,2021,Ecuador,283560.0,South America,17797737,106165866000.0
299,2022,Ecuador,283560.0,South America,18001000,115049476000.0
300,2000,Antigua and Barbuda,447.0,North America,75055,826370370.37
301,2001,Antigua and Barbuda,447.0,North America,76215,800481481.48
302,2002,Antigua and Barbuda,447.0,North America,77195,814381481.48
303,2003,Antigua and Barbuda,447.0,North America,78075,856396296.3
304,2004,Antigua and Barbuda,447.0,North America,78941,919729629.63
305,2005,Antigua and Barbuda,447.0,North America,79869,1022962962.96
306,2006,Antigua and Barbuda,447.0,North America,80895,1157662962.96
307,2007,Antigua and Barbuda,447.0,North America,82016,1312759259.26
308,2008,Antigua and Barbuda,447.0,North America,83251,1370070370.37
309,2009,Antigua and Barbuda,447.0,North America,84534,1228329629.63
310,2010,Antigua and Barbuda,447.0,North America,85695,1148700000.0
311,2011,Antigua and Barbuda,447.0,North America,86729,1137637037.04
312,2012,Antigua and Barbuda,447.0,North America,87674,1199948148.15
313,2013,Antigua and Barbuda,447.0,North America,88497,1181448148.15
314,2014,Antigua and Barbuda,447.0,North America,89236,1249733333.33
315,2015,Antigua and Barbuda,447.0,North America,89941,1336692592.59
316,2016,Antigua and Barbuda,447.0,North America,90564,1436585185.19
317,2017,Antigua and Barbuda,447.0,North America,91119,1467955555.56
318,2018,Antigua and Barbuda,447.0,North America,91626,1604770370.37
319,2019,Antigua and Barbuda,447.0,North America,92117,1675403703.7
320,2020,Antigua and Barbuda,447.0,North America,92664,1416348148.15
321,2021,Antigua and Barbuda,447.0,North America,93219,1560518518.52
322,2022,Antigua and Barbuda,447.0,North America,93763,1757603703.7
323,2000,"Bahamas, The",13878.0,North America,325014,8076470000.0
324,2001,"Bahamas, The",13878.0,North America,329626,8317830000.0
325,2002,"Bahamas, The",13878.0,North America,334002,8881160000.0
326,2003,"Bahamas, The",13878.0,North America,338490,8870090000.0
327,2004,"Bahamas, The",13878.0,North America,343089,9055290000.0
328,2005,"Bahamas, The",13878.0,North America,347804,9836200000.0
329,2006,"Bahamas, The",13878.0,North America,352664,10167250000.0
330,2007,"Bahamas, The",13878.0,North America,357666,10618340000.0
331,2008,"Bahamas, The",13878.0,North America,362795,10526000000.0
332,2009,"Bahamas, The",13878.0,North America,368057,9981960000.0
333,2010,"Bahamas, The",13878.0,North America,373272,10095760000.0
334,2011,"Bahamas, The",13878.0,North America,377950,10070450000.0
335,2012,"Bahamas, The",13878.0,North America,382061,10720500000.0
336,2013,"Bahamas, The",13878.0,North America,385650,10562800000.0
337,2014,"Bahamas, The",13878.0,North America,389131,11176100000.0
338,2015,"Bahamas, The",13878.0,North America,392697,11672900000.0
339,2016,"Bahamas, The",13878.0,North America,395976,11750800000.0
340,2017,"Bahamas, The",13878.0,North America,399020,12253500000.0
341,2018,"Bahamas, The",13878.0,North America,401906,12653600000.0
342,2019,"Bahamas, The",13878.0,North America,404557,13058700000.0
343,2020,"Bahamas, The",13878.0,North America,406471,9754600000.0
344,2021,"Bahamas, The",13878.0,North America,407906,11527600000.0
345,2022,"Bahamas, The",13878.0,North America,409984,12897400000.0
346,2000,Barbados,430.0,North America,264657,3059500000.0
347,2001,Barbados,430.0,North America,265377,3054500000.0
348,2002,Barbados,430.0,North America,266455,3106500000.0
349,2003,Barbados,430.0,North America,267499,3209500000.0
350,2004,Barbados,430.0,North America,268505,3444500000.0
351,2005,Barbados,430.0,North America,269477,3819500000.0
352,2006,Barbados,430.0,North America,270425,4217450800.0
353,2007,Barbados,430.0,North America,271444,4674007450.0
354,2008,Barbados,430.0,North America,272635,4784925100.0
355,2009,Barbados,430.0,North America,273791,4465657300.0
356,2010,Barbados,430.0,North America,274711,4529928300.0
357,2011,Barbados,430.0,North America,275486,4657699450.0
358,2012,Barbados,430.0,North America,276197,4610096000.0
359,2013,Barbados,430.0,North America,276865,4677248300.0
360,2014,Barbados,430.0,North America,277493,4696344350.0
361,2015,Barbados,430.0,North America,278083,4724691200.0
362,2016,Barbados,430.0,North America,278649,4832811750.0
363,2017,Barbados,430.0,North America,279187,4981588900.0
364,2018,Barbados,430.0,North America,279688,5097283200.0
365,2019,Barbados,430.0,North America,280180,5324250000.0
366,2020,Barbados,430.0,North America,280693,4671800000.0
367,2021,Barbados,430.0,North America,281200,4843800000.0
368,2022,Barbados,430.0,North America,281635,5637914514.64
369,2000,Belize,22966.0,North America,240406,1116000000.0
370,2001,Belize,22966.0,North America,248100,1163000000.0
371,2002,Belize,22966.0,North America,255987,1233000000.0
372,2003,Belize,22966.0,North America,263998,1298000000.0
373,2004,Belize,22966.0,North America,272128,1389500000.0
374,2005,Belize,22966.0,North America,280375,1461500000.0
375,2006,Belize,22966.0,North America,288729,1581000000.0
376,2007,Belize,22966.0,North America,297173,1696000000.0
377,2008,Belize,22966.0,North America,305671,1729000000.0
378,2009,Belize,22966.0,North America,314171,1680500000.0
379,2010,Belize,22966.0,North America,322106,1738500000.0
380,2011,Belize,22966.0,North America,329538,1819500000.0
381,2012,Belize,22966.0,North America,337059,1903000000.0
382,2013,Belize,22966.0,North America,344688,2029500000.0
383,2014,Belize,22966.0,North America,352335,2138000000.0
384,2015,Belize,22966.0,North America,359871,2210500000.0
385,2016,Belize,22966.0,North America,367313,2258500000.0
386,2017,Belize,22966.0,North America,374693,2286000000.0
387,2018,Belize,22966.0,North America,382066,2315000000.0
388,2019,Belize,22966.0,North America,389095,2416500000.0
389,2020,Belize,22966.0,North America,394921,2080000000.0
390,2021,Belize,22966.0,North America,400031,2491500000.0
391,2022,Belize,22966.0,North America,405272,2824081836.2
392,2000,Haiti,27750.0,North America,8360225,6813565983.12
393,2001,Haiti,27750.0,North America,8511728,6331970412.89
394,2002,Haiti,27750.0,North America,8661546,6205847136.98
395,2003,Haiti,27750.0,North America,8812245,5071947797.98
396,2004,Haiti,27750.0,North America,8961489,6087360734.56
397,2005,Haiti,27750.0,North America,9111900,7030149790.93
398,2006,Haiti,27750.0,North America,9266288,7638739123.54
399,2007,Haiti,27750.0,North America,9420826,9228637766.24
400,2008,Haiti,27750.0,North America,9575247,10432962724.76
401,2009,Haiti,27750.0,North America,9730638,11597002929.8
402,2010,Haiti,27750.0,North America,9842880,11859312627.08
403,2011,Haiti,27750.0,North America,9954312,13008746038.89
404,2012,Haiti,27750.0,North America,10108539,13708925402.94
405,2013,Haiti,27750.0,North America,10261206,14902488489.05
406,2014,Haiti,27750.0,North America,10412740,15146883647.38
407,2015,Haiti,27750.0,North America,10563757,14849629407.95
408,2016,Haiti,27750.0,North America,10713849,14069277532.5
409,2017,Haiti,27750.0,North America,10863543,15093357143.42
410,2018,Haiti,27750.0,North America,11012421,16403864521.41
411,2019,Haiti,27750.0,North America,11160438,15016090929.87
412,2020,Haiti,27750.0,North America,11306801,14508222518.16
413,2021,Haiti,27750.0,North America,11447569,20877414952.12
414,2022,Haiti,27750.0,North America,11584996,20253551885.21
415,2000,Guatemala,10890.0,North America,11589761,19288928615.94
416,2001,Guatemala,10890.0,North America,11871565,18405221418.47
417,2002,Guatemala,10890.0,North America,12147518,20444205991.02
418,2003,Guatemala,10890.0,North America,12415334,21576351798.91
419,2004,Guatemala,10890.0,North America,12682108,23577298589.16
420,2005,Guatemala,10890.0,North America,12948292,26783388709.18
421,2006,Guatemala,10890.0,North America,13213330,29744247479.24
422,2007,Guatemala,10890.0,North America,13477017,33567850095.0
423,2008,Guatemala,10890.0,North America,13739299,38503718526.63
424,2009,Guatemala,10890.0,North America,14000190,37126146369.26
425,2010,Guatemala,10890.0,North America,14259687,40676579264.84
426,2011,Guatemala,10890.0,North America,14521515,46876004265.24
427,2012,Guatemala,10890.0,North America,14781942,49593926849.24
428,2013,Guatemala,10890.0,North America,15043981,52996447955.76
429,2014,Guatemala,10890.0,North America,15306316,57852150564.52
430,2015,Guatemala,10890.0,North America,15567419,62186064718.74
431,2016,Guatemala,10890.0,North America,15827690,66053402744.73
432,2017,Guatemala,10890.0,North America,16087418,71653756504.16
433,2018,Guatemala,10890.0,North America,16346950,73328369925.85
434,2019,Guatemala,10890.0,North America,16604026,77172313916.42
435,2020,Guatemala,10890.0,North America,16858333,77715183063.21
436,2021,Guatemala,10890.0,North America,17109746,86053079767.35
437,2022,Guatemala,10890.0,North America,17357886,95003333381.19
438,2000,Honduras,112090.0,North America,6656725,7186638029.06
439,2001,Honduras,112090.0,North America,6837861,7651162302.35
440,2002,Honduras,112090.0,North America,7019908,7858255253.5
441,2003,Honduras,112090.0,North America,7201881,8230391504.77
442,2004,Honduras,112090.0,North America,7383407,8869299234.34
443,2005,Honduras,112090.0,North America,7564613,9757012869.26
444,2006,Honduras,112090.0,North America,7745200,10917476873.55
445,2007,Honduras,112090.0,North America,7924462,12361257680.56
446,2008,Honduras,112090.0,North America,8101777,13881731630.97
447,2009,Honduras,112090.0,North America,8277302,14587496229.18
448,2010,Honduras,112090.0,North America,8450933,15839344591.98
449,2011,Honduras,112090.0,North America,8622504,17710275997.47
450,2012,Honduras,112090.0,North America,8792367,18528554861.05
451,2013,Honduras,112090.0,North America,8960657,18499729063.42
452,2014,Honduras,112090.0,North America,9127846,19756533658.08
453,2015,Honduras,112090.0,North America,9294505,20979791685.42
454,2016,Honduras,112090.0,North America,9460798,21717604580.86
455,2017,Honduras,112090.0,North America,9626842,23136248046.3
456,2018,Honduras,112090.0,North America,9792850,24067750465.94
457,2019,Honduras,112090.0,North America,9958829,25089937108.67
458,2020,Honduras,112090.0,North America,10121763,23827859694.79
459,2021,Honduras,112090.0,North America,10278345,28488721296.2
460,2022,Honduras,112090.0,North America,10432860,31717700115.25
461,2000,Grenada,344.0,North America,107432,520044370.37
462,2001,Grenada,344.0,North America,107936,520444185.19
463,2002,Grenada,344.0,North America,108231,540336925.93
464,2003,Grenada,344.0,North America,108740,591018407.41
465,2004,Grenada,344.0,North America,109516,599118592.59
466,2005,Grenada,344.0,North America,110254,695555555.56
467,2006,Grenada,344.0,North America,110988,698700666.67
468,2007,Grenada,344.0,North America,111725,758683592.59
469,2008,Grenada,344.0,North America,112478,825976037.04
470,2009,Grenada,344.0,North America,113249,771275555.56
471,2010,Grenada,344.0,North America,114039,771014814.81
472,2011,Grenada,344.0,North America,114918,778655555.56
473,2012,Grenada,344.0,North America,115912,799881481.48
474,2013,Grenada,344.0,North America,116945,842618518.52
475,2014,Grenada,344.0,North America,117972,911496296.3
476,2015,Grenada,344.0,North America,118980,997007407.41
477,2016,Grenada,344.0,North America,119966,1061640740.74
478,2017,Grenada,344.0,North America,120921,1125685185.19
479,2018,Grenada,344.0,North America,121838,1166514814.81
480,2019,Grenada,344.0,North America,122724,1213485185.19
481,2020,Grenada,344.0,North America,123663,1043411111.11
482,2021,Grenada,344.0,North America,124610,1122800000.0
483,2022,Grenada,344.0,North America,125438,1256413185.19
484,2000,Dominica,754.0,North America,68346,333470370.37
485,2001,Dominica,754.0,North America,68153,340203703.7
486,2002,Dominica,754.0,North America,68262,333196296.3
487,2003,Dominica,754.0,North America,68442,343311111.11
488,2004,Dominica,754.0,North America,68574,367200000.0
489,2005,Dominica,754.0,North America,68674,364255555.56
490,2006,Dominica,754.0,North America,68742,390251851.85
491,2007,Dominica,754.0,North America,68775,421374074.07
492,2008,Dominica,754.0,North America,68782,458188888.89
493,2009,Dominica,754.0,North America,68787,489074074.07
494,2010,Dominica,754.0,North America,68755,493825925.93
495,2011,Dominica,754.0,North America,68742,501025925.93
496,2012,Dominica,754.0,North America,68888,485996296.3
497,2013,Dominica,754.0,North America,68819,498296296.3
498,2014,Dominica,754.0,North America,69371,520207407.41
499,2015,Dominica,754.0,North America,70007,540737037.04
500,2016,Dominica,754.0,North America,70075,576229629.63
501,2017,Dominica,754.0,North America,70403,521551851.85
502,2018,Dominica,754.0,North America,70823,554770370.37
503,2019,Dominica,754.0,North America,71428,611537037.04
504,2020,Dominica,754.0,North America,71995,504214814.81
505,2021,Dominica,754.0,North America,72412,555266666.67
506,2022,Dominica,754.0,North America,72737,612048148.15
507,2000,Dominican Republic,48730.0,North America,8540791,24305781111.91
508,2001,Dominican Republic,48730.0,North America,8669040,25601824419.04
509,2002,Dominican Republic,48730.0,North America,8795101,27137441266.34
510,2003,Dominican Republic,48730.0,North America,8919852,21403168127.88
511,2004,Dominican Republic,48730.0,North America,9043127,22322387609.85
512,2005,Dominican Republic,48730.0,North America,9164768,35777560474.81
513,2006,Dominican Republic,48730.0,North America,9284168,37879829854.8
514,2007,Dominican Republic,48730.0,North America,9402206,43965459071.07
515,2008,Dominican Republic,48730.0,North America,9522948,48122601589.77
516,2009,Dominican Republic,48730.0,North America,9648061,48261079523.82
517,2010,Dominican Republic,48730.0,North America,9775755,53860187452.39
518,2011,Dominican Republic,48730.0,North America,9903737,58029773802.38
519,2012,Dominican Republic,48730.0,North America,10030882,60681535894.48
520,2013,Dominican Republic,48730.0,North America,10157051,62682158700.29
521,2014,Dominican Republic,48730.0,North America,10282115,67179956264.94
522,2015,Dominican Republic,48730.0,North America,10405832,71164826719.5
523,2016,Dominican Republic,48730.0,North America,10527592,75704647977.26
524,2017,Dominican Republic,48730.0,North America,10647244,79998045975.51
525,2018,Dominican Republic,48730.0,North America,10765531,85555390385.98
526,2019,Dominican Republic,48730.0,North America,10881882,88941371980.27
527,2020,Dominican Republic,48730.0,North America,10999664,78844655833.22
528,2021,Dominican Republic,48730.0,North America,11117873,94243426487.08
529,2022,Dominican Republic,48730.0,North America,11228821,113641857434.0
530,2000,Canada,9984670.0,North America,30685730,744773415931.59
531,2001,Canada,9984670.0,North America,31020902,738962729044.53
532,2002,Canada,9984670.0,North America,31360079,760649334098.01
533,2003,Canada,9984670.0,North America,31644028,895540646634.79
534,2004,Canada,9984670.0,North America,31940655,1026690238278.25
535,2005,Canada,9984670.0,North America,32243753,1173108598778.68
536,2006,Canada,9984670.0,North America,32571174,1319264809590.97
537,2007,Canada,9984670.0,North America,32889025,1468820407783.26
538,2008,Canada,9984670.0,North America,33247118,1552989690721.65
539,2009,Canada,9984670.0,North America,33628895,1374625142157.29
540,2010,Canada,9984670.0,North America,34004889,1617343367486.26
541,2011,Canada,9984670.0,North America,34339328,1793326630174.52
542,2012,Canada,9984670.0,North America,34714222,1828366481521.6
543,2013,Canada,9984670.0,North America,35082954,1846597421834.98
544,2014,Canada,9984670.0,North America,35437435,1805749878439.94
545,2015,Canada,9984670.0,North America,35702908,1556508816217.14
546,2016,Canada,9984670.0,North America,36109487,1527994741907.43
547,2017,Canada,9984670.0,North America,36545236,1649265644244.09
548,2018,Canada,9984670.0,North America,37065084,1725297938435.76
549,2019,Canada,9984670.0,North America,37601230,1743725183672.52
550,2020,Canada,9984670.0,North America,38007166,1647598402302.68
551,2021,Canada,9984670.0,North America,38226498,2001486745423.92
552,2022,Canada,9984670.0,North America,38929902,2139840023673.81
553,2000,Costa Rica,51100.0,North America,3979193,15013629658.65
554,2001,Costa Rica,51100.0,North America,4053222,15976174336.97
555,2002,Costa Rica,51100.0,North America,4122623,16578820687.29
556,2003,Costa Rica,51100.0,North America,4188610,17271760506.95
557,2004,Costa Rica,51100.0,North America,4252800,18610594846.21
558,2005,Costa Rica,51100.0,North America,4315887,20040642476.98
559,2006,Costa Rica,51100.0,North America,4378172,22715540324.3
560,2007,Costa Rica,51100.0,North America,4440019,26884700345.03
561,2008,Costa Rica,51100.0,North America,4501921,30801744881.0
562,2009,Costa Rica,51100.0,North America,4563127,30745714326.95
563,2010,Costa Rica,51100.0,North America,4622252,37658614803.28
564,2011,Costa Rica,51100.0,North America,4679926,42762613705.78
565,2012,Costa Rica,51100.0,North America,4736593,47231655433.47
566,2013,Costa Rica,51100.0,North America,4791535,50949668885.99
567,2014,Costa Rica,51100.0,North America,4844288,52016408923.93
568,2015,Costa Rica,51100.0,North America,4895242,56441920823.76
569,2016,Costa Rica,51100.0,North America,4945205,58847019584.91
570,2017,Costa Rica,51100.0,North America,4993842,60516044623.49
571,2018,Costa Rica,51100.0,North America,5040734,62420164964.7
572,2019,Costa Rica,51100.0,North America,5084532,64417670555.78
573,2020,Costa Rica,51100.0,North America,5123105,62395610764.07
574,2021,Costa Rica,51100.0,North America,5153957,64616482167.75
575,2022,Costa Rica,51100.0,North America,5180829,68380838316.28
576,2000,Cuba,110860.0,North America,11105791,30565400000.0
577,2001,Cuba,110860.0,North America,11139127,31682400000.0
578,2002,Cuba,110860.0,North America,11170051,33590500000.0
579,2003,Cuba,110860.0,North America,11199217,35901200000.0
580,2004,Cuba,110860.0,North America,11225294,38203000000.0
581,2005,Cuba,110860.0,North America,11246114,42643836100.0
582,2006,Cuba,110860.0,North America,11260630,48835925925.93
583,2007,Cuba,110860.0,North America,11269887,54262870370.37
584,2008,Cuba,110860.0,North America,11276609,56302129629.63
585,2009,Cuba,110860.0,North America,11283185,57481481481.48
586,2010,Cuba,110860.0,North America,11290417,59562962962.96
587,2011,Cuba,110860.0,North America,11298710,68990000000.0
588,2012,Cuba,110860.0,North America,11309290,73141000000.0
589,2013,Cuba,110860.0,North America,11321579,77148000000.0
590,2014,Cuba,110860.0,North America,11332026,80656000000.0
591,2015,Cuba,110860.0,North America,11339894,87133000000.0
592,2016,Cuba,110860.0,North America,11342012,91370000000.0
593,2017,Cuba,110860.0,North America,11336405,96851000000.0
594,2018,Cuba,110860.0,North America,11328244,100050000000.0
595,2019,Cuba,110860.0,North America,11316697,103428000000.0
596,2020,Cuba,110860.0,North America,11300698,107352000000.0
597,2021,Cuba,110860.0,North America,11256372,
598,2022,Cuba,110860.0,North America,11212191,
599,2000,Mexico,1972550.0,North America,97873442,707909864021.78
600,2001,Mexico,1972550.0,North America,99394288,756702925694.04
601,2002,Mexico,1972550.0,North America,100917081,772109710670.87
602,2003,Mexico,1972550.0,North America,102429341,729335024013.22
603,2004,Mexico,1972550.0,North America,103945813,782242912348.37
604,2005,Mexico,1972550.0,North America,105442402,877476892365.26
605,2006,Mexico,1972550.0,North America,106886790,975383402912.58
606,2007,Mexico,1972550.0,North America,108302973,1052697085016.35
607,2008,Mexico,1972550.0,North America,109684489,1109987401386.38
608,2009,Mexico,1972550.0,North America,111049428,900047015737.99
609,2010,Mexico,1972550.0,North America,112532401,1057800597973.65
610,2011,Mexico,1972550.0,North America,114150481,1180487226406.78
611,2012,Mexico,1972550.0,North America,115755909,1201093787127.42
612,2013,Mexico,1972550.0,North America,117290686,1274443916251.64
613,2014,Mexico,1972550.0,North America,118755887,1315356131262.48
614,2015,Mexico,1972550.0,North America,120149897,1171870072962.76
615,2016,Mexico,1972550.0,North America,121519221,1078493059306.95
616,2017,Mexico,1972550.0,North America,122839258,1158912015259.01
617,2018,Mexico,1972550.0,North America,124013861,1222405556421.13
618,2019,Mexico,1972550.0,North America,125085311,1269009571610.76
619,2020,Mexico,1972550.0,North America,125998302,1090514966785.91
620,2021,Mexico,1972550.0,North America,126705138,1272838810896.09
621,2022,Mexico,1972550.0,North America,127504125,1414187193992.25
622,2000,Nicaragua,129494.0,North America,5123222,5107329007.09
623,2001,Nicaragua,129494.0,North America,5192764,5323146565.7
624,2002,Nicaragua,129494.0,North America,5259006,5224213017.54
625,2003,Nicaragua,129494.0,North America,5323062,5322454925.85
626,2004,Nicaragua,129494.0,North America,5386223,5795568204.65
627,2005,Nicaragua,129494.0,North America,5454678,6321324455.17
628,2006,Nicaragua,129494.0,North America,5529811,6763418645.81
629,2007,Nicaragua,129494.0,North America,5607453,7423365274.89
630,2008,Nicaragua,129494.0,North America,5687744,8496948184.42
631,2009,Nicaragua,129494.0,North America,5770639,8298736471.12
632,2010,Nicaragua,129494.0,North America,5855734,8758619130.58
633,2011,Nicaragua,129494.0,North America,5942553,9774320144.0
634,2012,Nicaragua,129494.0,North America,6030607,10531980451.18
635,2013,Nicaragua,129494.0,North America,6119379,10982954744.44
636,2014,Nicaragua,129494.0,North America,6208676,11880433902.94
637,2015,Nicaragua,129494.0,North America,6298598,12756722238.37
638,2016,Nicaragua,129494.0,North America,6389235,13286066154.96
639,2017,Nicaragua,129494.0,North America,6480532,13785890939.44
640,2018,Nicaragua,129494.0,North America,6572233,13025266513.32
641,2019,Nicaragua,129494.0,North America,6663924,12699028889.67
642,2020,Nicaragua,129494.0,North America,6755895,12678162359.4
643,2021,Nicaragua,129494.0,North America,6850540,14145852100.76
644,2022,Nicaragua,129494.0,North America,6948392,15671583877.97
645,2000,Panama,75517.0,North America,3001731,12304115000.0
646,2001,Panama,75517.0,North America,3061024,12502013400.0
647,2002,Panama,75517.0,North America,3120990,12994310400.0
648,2003,Panama,75517.0,North America,3181608,13693981200.0
649,2004,Panama,75517.0,North America,3243311,15013381700.0
650,2005,Panama,75517.0,North America,3305868,16374393900.0
651,2006,Panama,75517.0,North America,3368573,18141666300.0
652,2007,Panama,75517.0,North America,3431614,21295984200.0
653,2008,Panama,75517.0,North America,3495276,25155888600.0
654,2009,Panama,75517.0,North America,3559343,27116635600.0
655,2010,Panama,75517.0,North America,3623617,29440287600.0
656,2011,Panama,75517.0,North America,3688674,34686224300.0
657,2012,Panama,75517.0,North America,3754862,40429700000.0
658,2013,Panama,75517.0,North America,3821556,45599900000.0
659,2014,Panama,75517.0,North America,3888793,49921400000.0
660,2015,Panama,75517.0,North America,3957099,54091800000.0
661,2016,Panama,75517.0,North America,4026336,57907700000.0
662,2017,Panama,75517.0,North America,4096063,62202700000.0
663,2018,Panama,75517.0,North America,4165255,67294169234.63
664,2019,Panama,75517.0,North America,4232532,69721787532.98
665,2020,Panama,75517.0,North America,4294396,57086836942.41
666,2021,Panama,75517.0,North America,4351267,67406738051.74
667,2022,Panama,75517.0,North America,4408581,76522511780.62
668,2000,El Salvador,21040.0,North America,5958482,11784927700.0
669,2001,El Salvador,21040.0,North America,5988095,12282533600.0
670,2002,El Salvador,21040.0,North America,6011275,12664190300.0
671,2003,El Salvador,21040.0,North America,6026849,13243892200.0
672,2004,El Salvador,21040.0,North America,6035655,13724810900.0
673,2005,El Salvador,21040.0,North America,6037817,14698000000.0
674,2006,El Salvador,21040.0,North America,6034436,15999890000.0
675,2007,El Salvador,21040.0,North America,6044131,17011750000.0
676,2008,El Salvador,21040.0,North America,6068099,17986890000.0
677,2009,El Salvador,21040.0,North America,6091188,17601620000.0
678,2010,El Salvador,21040.0,North America,6114034,18447920000.0
679,2011,El Salvador,21040.0,North America,6137349,20283780000.0
680,2012,El Salvador,21040.0,North America,6161289,21386150000.0
681,2013,El Salvador,21040.0,North America,6185642,21990960000.0
682,2014,El Salvador,21040.0,North America,6209526,22593470000.0
683,2015,El Salvador,21040.0,North America,6231066,23438240000.0
684,2016,El Salvador,21040.0,North America,6250510,24191430000.0
685,2017,El Salvador,21040.0,North America,6266654,24979190000.0
686,2018,El Salvador,21040.0,North America,6276342,26020850000.0
687,2019,El Salvador,21040.0,North America,6280217,26881140000.0
688,2020,El Salvador,21040.0,North America,6292731,24930080000.0
689,2021,El Salvador,21040.0,North America,6314167,29451240000.0
690,2022,El Salvador,21040.0,North America,6336392,32488720000.0
691,2000,St. Lucia,620.0,North America,159500,932592592.59
692,2001,St. Lucia,620.0,North America,160594,892592592.59
693,2002,St. Lucia,620.0,North America,161799,900000000.0
694,2003,St. Lucia,620.0,North America,163047,987407407.41
695,2004,St. Lucia,620.0,North America,164239,1066666666.67
696,2005,St. Lucia,620.0,North America,165386,1135555555.56
697,2006,St. Lucia,620.0,North America,166470,1268319185.19
698,2007,St. Lucia,620.0,North America,167518,1336088814.81
699,2008,St. Lucia,620.0,North America,168576,1437731111.11
700,2009,St. Lucia,620.0,North America,169688,1401507888.89
701,2010,St. Lucia,620.0,North America,170935,1482370370.37
702,2011,St. Lucia,620.0,North America,172145,1568370370.37
703,2012,St. Lucia,620.0,North America,173124,1598222222.22
704,2013,St. Lucia,620.0,North America,173978,1660222222.22
705,2014,St. Lucia,620.0,North America,174804,1749296296.3
706,2015,St. Lucia,620.0,North America,175623,1807222222.22
707,2016,St. Lucia,620.0,North America,176413,1865444444.44
708,2017,St. Lucia,620.0,North America,177163,1996703703.7
709,2018,St. Lucia,620.0,North America,177888,2057074074.07
710,2019,St. Lucia,620.0,North America,178583,2094185185.19
711,2020,St. Lucia,620.0,North America,179237,1516000000.0
712,2021,St. Lucia,620.0,North America,179651,1691259259.26
713,2022,St. Lucia,620.0,North America,179857,2065027555.56
714,2000,St. Vincent and the Grenadines,389.3,North America,113813,427946037.04
715,2001,St. Vincent and the Grenadines,389.3,North America,113641,462072333.33
716,2002,St. Vincent and the Grenadines,389.3,North America,113450,487763851.85
717,2003,St. Vincent and the Grenadines,389.3,North America,113108,509090888.89
718,2004,St. Vincent and the Grenadines,389.3,North America,112608,549900185.19
719,2005,St. Vincent and the Grenadines,389.3,North America,112043,579948925.93
720,2006,St. Vincent and the Grenadines,389.3,North America,111427,643501148.15
721,2007,St. Vincent and the Grenadines,389.3,North America,110824,713596666.67
722,2008,St. Vincent and the Grenadines,389.3,North America,110316,732663259.26
723,2009,St. Vincent and the Grenadines,389.3,North America,109840,714300259.26
724,2010,St. Vincent and the Grenadines,389.3,North America,109308,720447888.89
725,2011,St. Vincent and the Grenadines,389.3,North America,108703,713796370.37
726,2012,St. Vincent and the Grenadines,389.3,North America,108083,730032592.59
727,2013,St. Vincent and the Grenadines,389.3,North America,107450,764781259.26
728,2014,St. Vincent and the Grenadines,389.3,North America,106912,770901436.44
729,2015,St. Vincent and the Grenadines,389.3,North America,106482,786554580.8
730,2016,St. Vincent and the Grenadines,389.3,North America,105963,814302267.07
731,2017,St. Vincent and the Grenadines,389.3,North America,105549,844039068.76
732,2018,St. Vincent and the Grenadines,389.3,North America,105281,884328180.53
733,2019,St. Vincent and the Grenadines,389.3,North America,104924,910765709.77
734,2020,St. Vincent and the Grenadines,389.3,North America,104632,869111852.75
735,2021,St. Vincent and the Grenadines,389.3,North America,104332,872226063.71
736,2022,St. Vincent and the Grenadines,389.3,North America,103948,948558503.13
737,2000,St. Kitts and Nevis,261.0,North America,45461,421695769.84
738,2001,St. Kitts and Nevis,261.0,North America,45986,458643829.01
739,2002,St. Kitts and Nevis,261.0,North America,46264,481077373.67
740,2003,St. Kitts and Nevis,261.0,North America,46431,469869869.87
741,2004,St. Kitts and Nevis,261.0,North America,46580,506900000.0
742,2005,St. Kitts and Nevis,261.0,North America,46725,547203703.7
743,2006,St. Kitts and Nevis,261.0,North America,46874,644414814.81
744,2007,St. Kitts and Nevis,261.0,North America,47015,689285185.19
745,2008,St. Kitts and Nevis,261.0,North America,47156,777691333.33
746,2009,St. Kitts and Nevis,261.0,North America,47286,774273111.11
747,2010,St. Kitts and Nevis,261.0,North America,47403,778718518.52
748,2011,St. Kitts and Nevis,261.0,North America,47581,836092592.59
749,2012,St. Kitts and Nevis,261.0,North America,47727,825381481.48
750,2013,St. Kitts and Nevis,261.0,North America,47767,874896296.3
751,2014,St. Kitts and Nevis,261.0,North America,47789,953170370.37
752,2015,St. Kitts and Nevis,261.0,North America,47790,957037037.04
753,2016,St. Kitts and Nevis,261.0,North America,47788,1008100000.0
754,2017,St. Kitts and Nevis,261.0,North America,47785,1058944444.44
755,2018,St. Kitts and Nevis,261.0,North America,47761,1076922222.22
756,2019,St. Kitts and Nevis,261.0,North America,47712,1107844444.44
757,2020,St. Kitts and Nevis,261.0,North America,47642,884522222.22
758,2021,St. Kitts and Nevis,261.0,North America,47606,860844444.44
759,2022,St. Kitts and Nevis,261.0,North America,47657,961563259.26
760,2000,United States,9518900.0,North America,282162411,10250947997000.0
761,2001,United States,9518900.0,North America,284968955,10581929774000.0
762,2002,United States,9518900.0,North America,287625193,10929112955000.0
763,2003,United States,9518900.0,North America,290107933,11456442041000.0
764,2004,United States,9518900.0,North America,292805298,12217193198000.0
765,2005,United States,9518900.0,North America,295516599,13039199193000.0
766,2006,United States,9518900.0,North America,298379912,13815586948000.0
767,2007,United States,9518900.0,North America,301231207,14474226905000.0
768,2008,United States,9518900.0,North America,304093966,14769857911000.0
769,2009,United States,9518900.0,North America,306771529,14478064934000.0
770,2010,United States,9518900.0,North America,309327143,15048964444000.0
771,2011,United States,9518900.0,North America,311583481,15599728123000.0
772,2012,United States,9518900.0,North America,313877662,16253972230000.0
773,2013,United States,9518900.0,North America,316059947,16843190993000.0
774,2014,United States,9518900.0,North America,318386329,17550680174000.0
775,2015,United States,9518900.0,North America,320738994,18206020741000.0
776,2016,United States,9518900.0,North America,323071755,18695110842000.0
777,2017,United States,9518900.0,North America,325122128,19477336549000.0
778,2018,United States,9518900.0,North America,326838199,20533057312000.0
779,2019,United States,9518900.0,North America,328329953,21380976119000.0
780,2020,United States,9518900.0,North America,331511512,21060473613000.0
781,2021,United States,9518900.0,North America,332031554,23315080560000.0
782,2022,United States,9518900.0,North America,333287557,25462700000000.0
783,2000,Trinidad and Tobago,5128.0,North America,1332203,8154342547.56
784,2001,Trinidad and Tobago,5128.0,North America,1338567,8824849662.96
785,2002,Trinidad and Tobago,5128.0,North America,1345964,9008297748.06
786,2003,Trinidad and Tobago,5128.0,North America,1353548,11305459802.07
787,2004,Trinidad and Tobago,5128.0,North America,1361172,13280292692.35
788,2005,Trinidad and Tobago,5128.0,North America,1369075,15982388172.72
789,2006,Trinidad and Tobago,5128.0,North America,1376919,18369361094.39
790,2007,Trinidad and Tobago,5128.0,North America,1384861,21641620049.94
791,2008,Trinidad and Tobago,5128.0,North America,1392803,27871587349.54
792,2009,Trinidad and Tobago,5128.0,North America,1401191,19172165225.5
793,2010,Trinidad and Tobago,5128.0,North America,1410296,22157919433.88
794,2011,Trinidad and Tobago,5128.0,North America,1420020,25433008605.04
795,2012,Trinidad and Tobago,5128.0,North America,1430377,27121712418.53
796,2013,Trinidad and Tobago,5128.0,North America,1440729,28557451149.87
797,2014,Trinidad and Tobago,5128.0,North America,1450661,29489012806.89
798,2015,Trinidad and Tobago,5128.0,North America,1460177,26851970249.3
799,2016,Trinidad and Tobago,5128.0,North America,1469330,23496215880.52
800,2017,Trinidad and Tobago,5128.0,North America,1478607,23797686961.84
801,2018,Trinidad and Tobago,5128.0,North America,1504709,24322359037.41
802,2019,Trinidad and Tobago,5128.0,North America,1519955,23849557811.4
803,2020,Trinidad and Tobago,5128.0,North America,1518147,21059428846.02
804,2021,Trinidad and Tobago,5128.0,North America,1525663,24460196270.12
805,2022,Trinidad and Tobago,5128.0,North America,1531044,27899082337.37
806,2000,Jamaica,10991.0,North America,2612205,9005064474.93
807,2001,Jamaica,10991.0,North America,2625405,9194727831.07
808,2002,Jamaica,10991.0,North America,2638244,9719009561.76
809,2003,Jamaica,10991.0,North America,2651027,9430234851.62
810,2004,Jamaica,10991.0,North America,2664024,10174664853.95
811,2005,Jamaica,10991.0,North America,2676863,11243865787.81
812,2006,Jamaica,10991.0,North America,2689660,11930179173.42
813,2007,Jamaica,10991.0,North America,2701221,12799600075.04
814,2008,Jamaica,10991.0,North America,2711373,13709401443.5
815,2009,Jamaica,10991.0,North America,2722401,12120458140.94
816,2010,Jamaica,10991.0,North America,2733896,13220549858.2
817,2011,Jamaica,10991.0,North America,2746169,14444661488.13
818,2012,Jamaica,10991.0,North America,2759817,14807086490.85
819,2013,Jamaica,10991.0,North America,2773129,14264205123.69
820,2014,Jamaica,10991.0,North America,2784543,13899225339.69
821,2015,Jamaica,10991.0,North America,2794445,14188938780.5
822,2016,Jamaica,10991.0,North America,2802695,14077105502.92
823,2017,Jamaica,10991.0,North America,2808376,14808984880.58
824,2018,Jamaica,10991.0,North America,2811835,15730791525.65
825,2019,Jamaica,10991.0,North America,2813773,15830766372.27
826,2020,Jamaica,10991.0,North America,2820436,13812421859.4
827,2021,Jamaica,10991.0,North America,2827695,14657586359.38
828,2022,Jamaica,10991.0,North America,2827377,17097760745.21
